<?xml version="1.0" encoding="UTF-8"?>
<project-private xmlns="http://www.netbeans.org/ns/project-private/1">
    <editor-bookmarks xmlns="http://www.netbeans.org/ns/editor-bookmarks/2" lastBookmarkId="0"/>
    <open-files xmlns="http://www.netbeans.org/ns/projectui-open-files/2">
        <group>
            <file>file:/C:/Users/NITRO%205/Documents/NetBeansProjects/PAPBOV2/src/papbov2/PAPBOV2.java</file>
            <file>file:/C:/Users/NITRO%205/Documents/NetBeansProjects/PAPBOV2/src/GUI/AdminUpdate.java</file>
            <file>file:/C:/Users/NITRO%205/Documents/NetBeansProjects/PAPBOV2/src/GUI/UserScreen.java</file>
            <file>file:/C:/Users/NITRO%205/Documents/NetBeansProjects/PAPBOV2/src/GUI/MainMenuALL.java</file>
            <file>file:/C:/Users/NITRO%205/Documents/NetBeansProjects/PAPBOV2/src/GUI/AdminScreen.java</file>
            <file>file:/C:/Users/NITRO%205/Documents/NetBeansProjects/PAPBOV2/src/GUI/MainMenu.java</file>
            <file>file:/C:/Users/NITRO%205/Documents/NetBeansProjects/PAPBOV2/src/GUI/UserCreate.java</file>
            <file>file:/C:/Users/NITRO%205/Documents/NetBeansProjects/PAPBOV2/src/GUI/UserUpdate.java</file>
            <file>file:/C:/Users/NITRO%205/Documents/NetBeansProjects/PAPBOV2/src/GUI/UserCompList.java</file>
            <file>file:/C:/Users/NITRO%205/Documents/NetBeansProjects/PAPBOV2/src/GUI/LoginScreen.java</file>
            <file>file:/C:/Users/NITRO%205/Documents/NetBeansProjects/PAPBOV2/src/GUI/AdminCreate.java</file>
            <file>file:/C:/Users/NITRO%205/Documents/NetBeansProjects/PAPBOV2/src/GUI/AdminDelete.java</file>
        </group>
    </open-files>
</project-private>
